cluster,avg_order_interval
0,8.458530006743088
1,8.848763936015512
2,4.636363636363637
3,
